<application>
  <component name="FeatureSuggesterSettings">
    <option name="workingDays">
      <list>
        <option value="1694398802140" />
        <option value="1694489973399" />
        <option value="1694573700523" />
        <option value="1694662564313" />
        <option value="1694748398177" />
        <option value="1694954819238" />
        <option value="1695009630504" />
        <option value="1695098730063" />
        <option value="1695178803861" />
        <option value="1695272102796" />
        <option value="1695348514303" />
        <option value="1695453642869" />
        <option value="1695560604822" />
        <option value="1695610615637" />
        <option value="1695657824881" />
        <option value="1695785841140" />
        <option value="1695868989989" />
        <option value="1696645127093" />
        <option value="1696733085615" />
        <option value="1696818338447" />
        <option value="1696909145184" />
        <option value="1696992992553" />
        <option value="1697077508118" />
        <option value="1697163691484" />
        <option value="1697265600366" />
        <option value="1697423437900" />
        <option value="1697510417188" />
        <option value="1697597588513" />
        <option value="1697894919924" />
        <option value="1699609726866" />
      </list>
    </option>
  </component>
</application>