<application>
  <component name="ServerConfiguration">
    <option name="tomcatInfos">
      <TomcatInfo>
        <option name="name" value="Apache Tomcat/9.0.60" />
        <option name="path" value="/usr/local/apache-tomcat-9.0.60" />
        <option name="version" value="9.0.60.0" />
      </TomcatInfo>
      <TomcatInfo>
        <option name="name" value="Apache Tomcat/8.5.78" />
        <option name="path" value="/usr/local/apache-tomcat-8.5.78" />
        <option name="version" value="8.5.78.0" />
      </TomcatInfo>
    </option>
  </component>
</application>