<keymap version="1" name="macOS copy" parent="Mac OS X 10.5+">
  <action id="$LRU">
    <keyboard-shortcut first-keystroke="meta alt o" />
  </action>
  <action id="ChangeSignature">
    <keyboard-shortcut first-keystroke="meta f6" />
    <keyboard-shortcut first-keystroke="shift meta alt 6" />
  </action>
  <action id="ChangesView.Revert" />
  <action id="CloseProject">
    <keyboard-shortcut first-keystroke="meta alt w" />
  </action>
  <action id="CommentByBlockComment">
    <keyboard-shortcut first-keystroke="meta alt divide" />
    <keyboard-shortcut first-keystroke="shift ctrl slash" />
    <keyboard-shortcut first-keystroke="shift ctrl divide" />
    <keyboard-shortcut first-keystroke="shift meta slash" />
    <keyboard-shortcut first-keystroke="shift meta divide" />
    <keyboard-shortcut first-keystroke="shift meta divide" />
  </action>
  <action id="CompareTwoFiles" />
  <action id="Console.Execute.Multiline" />
  <action id="Console.History.Browse" />
  <action id="Console.SplitLine" />
  <action id="Diff.ShowDiff" />
  <action id="DirDiffMenu.SynchronizeDiff.All" />
  <action id="Editor LRU">
    <keyboard-shortcut first-keystroke="meta alt o" />
  </action>
  <action id="EditorDuplicate" />
  <action id="EditorDuplicateLines">
    <keyboard-shortcut first-keystroke="meta d" />
  </action>
  <action id="EditorSplitLine" />
  <action id="EvaluateExpression">
    <keyboard-shortcut first-keystroke="meta alt e" />
    <keyboard-shortcut first-keystroke="meta b" />
  </action>
  <action id="FileChooser.GotoDesktop" />
  <action id="FindUsages">
    <keyboard-shortcut first-keystroke="alt f7" />
    <keyboard-shortcut first-keystroke="meta u" />
  </action>
  <action id="Generate">
    <keyboard-shortcut first-keystroke="meta n" />
    <keyboard-shortcut first-keystroke="ctrl enter" />
    <keyboard-shortcut first-keystroke="meta alt g" />
  </action>
  <action id="GotoCustomRegion" />
  <action id="GotoDeclaration">
    <mouse-shortcut keystroke="meta button1" />
    <mouse-shortcut keystroke="Force touch" />
    <mouse-shortcut keystroke="button2" />
    <keyboard-shortcut first-keystroke="meta alt up" />
  </action>
  <action id="GotoSymbol" />
  <action id="GuiDesigner.Duplicate" />
  <action id="IntroduceConstant" />
  <action id="IntroduceField" />
  <action id="IntroduceParameter" />
  <action id="IntroduceProperty" />
  <action id="Kotlin.RunScratch" />
  <action id="KotlinShellExecute" />
  <action id="MoveEditorToOppositeTabGroup">
    <keyboard-shortcut first-keystroke="meta alt z" />
    <keyboard-shortcut first-keystroke="meta alt s" />
  </action>
  <action id="NewClass">
    <keyboard-shortcut first-keystroke="meta alt c" />
  </action>
  <action id="NewDir">
    <keyboard-shortcut first-keystroke="meta alt p" />
  </action>
  <action id="NewFile">
    <keyboard-shortcut first-keystroke="meta alt f" />
  </action>
  <action id="OpenFile">
    <keyboard-shortcut first-keystroke="ctrl meta alt o" />
  </action>
  <action id="PerforceDirect.Edit" />
  <action id="PreviousOccurence" />
  <action id="RenameElement">
    <keyboard-shortcut first-keystroke="shift f6" />
    <keyboard-shortcut first-keystroke="meta alt 6" />
  </action>
  <action id="Resume">
    <keyboard-shortcut first-keystroke="meta alt r" />
    <keyboard-shortcut first-keystroke="f9" />
    <keyboard-shortcut first-keystroke="meta alt period" />
  </action>
  <action id="RunDashboard.CopyConfiguration" />
  <action id="SaveAll" />
  <action id="SearchEverywhere">
    <keyboard-shortcut first-keystroke="meta p" />
  </action>
  <action id="SendEOF" />
  <action id="SetShortcutAction">
    <keyboard-shortcut first-keystroke="alt enter" />
    <keyboard-shortcut first-keystroke="meta enter" />
  </action>
  <action id="ShowIntentionActions">
    <keyboard-shortcut first-keystroke="alt enter" />
    <keyboard-shortcut first-keystroke="meta enter" />
  </action>
  <action id="SplitChooser.Duplicate" />
  <action id="SplitVertically">
    <keyboard-shortcut first-keystroke="meta s" />
  </action>
  <action id="StepOver">
    <keyboard-shortcut first-keystroke="f8" />
    <keyboard-shortcut first-keystroke="meta alt comma" />
  </action>
  <action id="Terminal.SmartCommandExecution.Run" />
  <action id="Vcs.RollbackChangedLines" />
  <action id="ViewSource" />
  <action id="XDebugger.CopyWatch" />
  <action id="XDebugger.MuteBreakpoints">
    <keyboard-shortcut first-keystroke="meta alt slash" />
  </action>
  <action id="XDebugger.SetValue">
    <keyboard-shortcut first-keystroke="f2" />
    <keyboard-shortcut first-keystroke="meta alt 2" />
  </action>
  <action id="org.intellij.plugins.markdown.ui.actions.styling.ToggleBoldAction" />
</keymap>